[
  {
    "country_id": "ctr002",
    "country_name": "Afghanistan",
    "continent": "Asia"
  },
  {
    "country_id": "ctr003",
    "country_name": "Bahrain",
    "continent": "Asia"
  },
  {
    "country_id": "ctr004",
    "country_name": "Bangladesh",
    "continent": "Asia"
  },
  {
    "country_id": "ctr005",
    "country_name": "Bhutan",
    "continent": "Asia"
  },
  {
    "country_id": "ctr006",
    "country_name": "Brunei",
    "continent": "Asia"
  },
  {
    "country_id": "ctr007",
    "country_name": "Cambodia",
    "continent": "Asia"
  },
  {
    "country_id": "ctr008",
    "country_name": "China",
    "continent": "Asia"
  },
  {
    "country_id": "ctr009",
    "country_name": "East Timor",
    "continent": "Asia"
  },
  {
    "country_id": "ctr010",
    "country_name": "India",
    "continent": "Asia"
  },
  {
    "country_id": "ctr011",
    "country_name": "Indonesia",
    "continent": "Asia"
  },
  {
    "country_id": "ctr012",
    "country_name": "Iran",
    "continent": "Asia"
  },
  {
    "country_id": "ctr013",
    "country_name": "Iraq",
    "continent": "Asia"
  },
  {
    "country_id": "ctr014",
    "country_name": "Israel",
    "continent": "Asia"
  },
  {
    "country_id": "ctr015",
    "country_name": "Japan",
    "continent": "Asia"
  },
  {
    "country_id": "ctr016",
    "country_name": "Jordan",
    "continent": "Asia"
  },
  {
    "country_id": "ctr017",
    "country_name": "Kazakhstan",
    "continent": "Asia"
  },
  {
    "country_id": "ctr018",
    "country_name": "Kuwait",
    "continent": "Asia"
  },
  {
    "country_id": "ctr019",
    "country_name": "Kyrgyzstan",
    "continent": "Asia"
  },
  {
    "country_id": "ctr020",
    "country_name": "Laos",
    "continent": "Asia"
  },
  {
    "country_id": "ctr021",
    "country_name": "Lebanon",
    "continent": "Asia"
  },
  {
    "country_id": "ctr022",
    "country_name": "Malaysia",
    "continent": "Asia"
  },
  {
    "country_id": "ctr023",
    "country_name": "Maldives",
    "continent": "Asia"
  },
  {
    "country_id": "ctr024",
    "country_name": "Mongolia",
    "continent": "Asia"
  },
  {
    "country_id": "ctr025",
    "country_name": "Myanmar",
    "continent": "Asia"
  },
  {
    "country_id": "ctr026",
    "country_name": "Nepal",
    "continent": "Asia"
  },
  {
    "country_id": "ctr027",
    "country_name": "North Korea",
    "continent": "Asia"
  },
  {
    "country_id": "ctr028",
    "country_name": "Oman",
    "continent": "Asia"
  },
  {
    "country_id": "ctr029",
    "country_name": "Pakistan",
    "continent": "Asia"
  },
  {
    "country_id": "ctr030",
    "country_name": "Palestine",
    "continent": "Asia"
  },
  {
    "country_id": "ctr031",
    "country_name": "Philippines",
    "continent": "Asia"
  },
  {
    "country_id": "ctr032",
    "country_name": "Qatar",
    "continent": "Asia"
  },
  {
    "country_id": "ctr033",
    "country_name": "Saudi Arabia",
    "continent": "Asia"
  },
  {
    "country_id": "ctr034",
    "country_name": "Singapore",
    "continent": "Asia"
  },
  {
    "country_id": "ctr035",
    "country_name": "South Korea",
    "continent": "Asia"
  },
  {
    "country_id": "ctr036",
    "country_name": "Sri Lanka",
    "continent": "Asia"
  },
  {
    "country_id": "ctr037",
    "country_name": "Syria",
    "continent": "Asia"
  },
  {
    "country_id": "ctr038",
    "country_name": "Taiwan",
    "continent": "Asia"
  },
  {
    "country_id": "ctr039",
    "country_name": "Tajikistan",
    "continent": "Asia"
  },
  {
    "country_id": "ctr040",
    "country_name": "Thailand",
    "continent": "Asia"
  },
  {
    "country_id": "ctr041",
    "country_name": "Turkiye",
    "continent": "Asia"
  },
  {
    "country_id": "ctr042",
    "country_name": "Turkmenistan",
    "continent": "Asia"
  },
  {
    "country_id": "ctr043",
    "country_name": "United Arab Emirates",
    "continent": "Asia"
  },
  {
    "country_id": "ctr044",
    "country_name": "Uzbekistan",
    "continent": "Asia"
  },
  {
    "country_id": "ctr045",
    "country_name": "Vietnam",
    "continent": "Asia"
  },
  {
    "country_id": "ctr046",
    "country_name": "Yemen",
    "continent": "Asia"
  },
  {
    "country_id": "ctr047",
    "country_name": "American Samoa",
    "continent": "Australia"
  },
  {
    "country_id": "ctr048",
    "country_name": "Australia",
    "continent": "Australia"
  },
  {
    "country_id": "ctr049",
    "country_name": "Federated States of Micronesia",
    "continent": "Australia"
  },
  {
    "country_id": "ctr050",
    "country_name": "Fiji",
    "continent": "Australia"
  },
  {
    "country_id": "ctr051",
    "country_name": "French Polynesia",
    "continent": "Australia"
  },
  {
    "country_id": "ctr052",
    "country_name": "Guam",
    "continent": "Australia"
  },
  {
    "country_id": "ctr053",
    "country_name": "Kiribati",
    "continent": "Australia"
  },
  {
    "country_id": "ctr054",
    "country_name": "Marshall Islands",
    "continent": "Australia"
  },
  {
    "country_id": "ctr055",
    "country_name": "Nauru",
    "continent": "Australia"
  },
  {
    "country_id": "ctr056",
    "country_name": "New Caledonia",
    "continent": "Australia"
  },
  {
    "country_id": "ctr057",
    "country_name": "New Zealand",
    "continent": "Australia"
  },
  {
    "country_id": "ctr058",
    "country_name": "Palau",
    "continent": "Australia"
  },
  {
    "country_id": "ctr059",
    "country_name": "Papua New Guinea",
    "continent": "Australia"
  },
  {
    "country_id": "ctr060",
    "country_name": "Samoa",
    "continent": "Australia"
  },
  {
    "country_id": "ctr061",
    "country_name": "Solomon Islands",
    "continent": "Australia"
  },
  {
    "country_id": "ctr062",
    "country_name": "Tonga",
    "continent": "Australia"
  },
  {
    "country_id": "ctr063",
    "country_name": "Tuvalu",
    "continent": "Australia"
  },
  {
    "country_id": "ctr064",
    "country_name": "Vanuatu",
    "continent": "Australia"
  },
  {
    "country_id": "ctr065",
    "country_name": "Albania",
    "continent": "Europe"
  },
  {
    "country_id": "ctr066",
    "country_name": "Andorra",
    "continent": "Europe"
  },
  {
    "country_id": "ctr067",
    "country_name": "Armenia",
    "continent": "Europe"
  },
  {
    "country_id": "ctr068",
    "country_name": "Austria",
    "continent": "Europe"
  },
  {
    "country_id": "ctr069",
    "country_name": "Azerbaijan",
    "continent": "Europe"
  },
  {
    "country_id": "ctr070",
    "country_name": "Belarus",
    "continent": "Europe"
  },
  {
    "country_id": "ctr071",
    "country_name": "Belgium",
    "continent": "Europe"
  },
  {
    "country_id": "ctr072",
    "country_name": "Bosnia and Herzegovina",
    "continent": "Europe"
  },
  {
    "country_id": "ctr073",
    "country_name": "British Virgin Islands",
    "continent": "Europe"
  },
  {
    "country_id": "ctr074",
    "country_name": "Bulgaria",
    "continent": "Europe"
  },
  {
    "country_id": "ctr075",
    "country_name": "Croatia",
    "continent": "Europe"
  },
  {
    "country_id": "ctr076",
    "country_name": "Cyprus",
    "continent": "Europe"
  },
  {
    "country_id": "ctr077",
    "country_name": "Czech Republic",
    "continent": "Europe"
  },
  {
    "country_id": "ctr078",
    "country_name": "Denmark",
    "continent": "Europe"
  },
  {
    "country_id": "ctr079",
    "country_name": "England",
    "continent": "Europe"
  },
  {
    "country_id": "ctr080",
    "country_name": "Estonia",
    "continent": "Europe"
  },
  {
    "country_id": "ctr081",
    "country_name": "Faroe Islands",
    "continent": "Europe"
  },
  {
    "country_id": "ctr082",
    "country_name": "Finland",
    "continent": "Europe"
  },
  {
    "country_id": "ctr083",
    "country_name": "France",
    "continent": "Europe"
  },
  {
    "country_id": "ctr084",
    "country_name": "Georgia",
    "continent": "Europe"
  },
  {
    "country_id": "ctr085",
    "country_name": "Germany",
    "continent": "Europe"
  },
  {
    "country_id": "ctr086",
    "country_name": "Greece",
    "continent": "Europe"
  },
  {
    "country_id": "ctr087",
    "country_name": "Hungary",
    "continent": "Europe"
  },
  {
    "country_id": "ctr088",
    "country_name": "Iceland",
    "continent": "Europe"
  },
  {
    "country_id": "ctr089",
    "country_name": "Ireland",
    "continent": "Europe"
  },
  {
    "country_id": "ctr090",
    "country_name": "Italy",
    "continent": "Europe"
  },
  {
    "country_id": "ctr091",
    "country_name": "Kosovo",
    "continent": "Europe"
  },
  {
    "country_id": "ctr092",
    "country_name": "Latvia",
    "continent": "Europe"
  },
  {
    "country_id": "ctr093",
    "country_name": "Liechtenstein",
    "continent": "Europe"
  },
  {
    "country_id": "ctr094",
    "country_name": "Lithuania",
    "continent": "Europe"
  },
  {
    "country_id": "ctr095",
    "country_name": "Luxembourg",
    "continent": "Europe"
  },
  {
    "country_id": "ctr096",
    "country_name": "Malta",
    "continent": "Europe"
  },
  {
    "country_id": "ctr097",
    "country_name": "Moldova",
    "continent": "Europe"
  },
  {
    "country_id": "ctr098",
    "country_name": "Monaco",
    "continent": "Europe"
  },
  {
    "country_id": "ctr099",
    "country_name": "Montenegro",
    "continent": "Europe"
  },
  {
    "country_id": "ctr100",
    "country_name": "Netherlands",
    "continent": "Europe"
  },
  {
    "country_id": "ctr101",
    "country_name": "North Macedonia",
    "continent": "Europe"
  },
  {
    "country_id": "ctr102",
    "country_name": "Northern Ireland",
    "continent": "Europe"
  },
  {
    "country_id": "ctr103",
    "country_name": "Norway",
    "continent": "Europe"
  },
  {
    "country_id": "ctr104",
    "country_name": "Poland",
    "continent": "Europe"
  },
  {
    "country_id": "ctr105",
    "country_name": "Portugal",
    "continent": "Europe"
  },
  {
    "country_id": "ctr106",
    "country_name": "Romania",
    "continent": "Europe"
  },
  {
    "country_id": "ctr107",
    "country_name": "Russia",
    "continent": "Europe"
  },
  {
    "country_id": "ctr108",
    "country_name": "San Marino",
    "continent": "Europe"
  },
  {
    "country_id": "ctr109",
    "country_name": "Scotland",
    "continent": "Europe"
  },
  {
    "country_id": "ctr110",
    "country_name": "Serbia",
    "continent": "Europe"
  },
  {
    "country_id": "ctr111",
    "country_name": "Slovakia",
    "continent": "Europe"
  },
  {
    "country_id": "ctr112",
    "country_name": "Slovenia",
    "continent": "Europe"
  },
  {
    "country_id": "ctr113",
    "country_name": "Spain",
    "continent": "Europe"
  },
  {
    "country_id": "ctr114",
    "country_name": "Sweden",
    "continent": "Europe"
  },
  {
    "country_id": "ctr115",
    "country_name": "Switzerland",
    "continent": "Europe"
  },
  {
    "country_id": "ctr116",
    "country_name": "Ukraine",
    "continent": "Europe"
  },
  {
    "country_id": "ctr117",
    "country_name": "Vatican City",
    "continent": "Europe"
  },
  {
    "country_id": "ctr118",
    "country_name": "Wales",
    "continent": "Europe"
  },
  {
    "country_id": "ctr119",
    "country_name": "Antigua and Barbuda",
    "continent": "North America"
  },
  {
    "country_id": "ctr120",
    "country_name": "Aruba",
    "continent": "North America"
  },
  {
    "country_id": "ctr121",
    "country_name": "Barbados",
    "continent": "North America"
  },
  {
    "country_id": "ctr122",
    "country_name": "Bermuda",
    "continent": "North America"
  },
  {
    "country_id": "ctr123",
    "country_name": "Bonaire",
    "continent": "North America"
  },
  {
    "country_id": "ctr124",
    "country_name": "Canada",
    "continent": "North America"
  },
  {
    "country_id": "ctr125",
    "country_name": "Cuba",
    "continent": "North America"
  },
  {
    "country_id": "ctr126",
    "country_name": "Curaçao",
    "continent": "North America"
  },
  {
    "country_id": "ctr127",
    "country_name": "Dominica",
    "continent": "North America"
  },
  {
    "country_id": "ctr128",
    "country_name": "Dominican Republic",
    "continent": "North America"
  },
  {
    "country_id": "ctr129",
    "country_name": "Greenland",
    "continent": "North America"
  },
  {
    "country_id": "ctr130",
    "country_name": "Grenada",
    "continent": "North America"
  },
  {
    "country_id": "ctr131",
    "country_name": "Haiti",
    "continent": "North America"
  },
  {
    "country_id": "ctr132",
    "country_name": "Jamaica",
    "continent": "North America"
  },
  {
    "country_id": "ctr133",
    "country_name": "Mexico",
    "continent": "North America"
  },
  {
    "country_id": "ctr134",
    "country_name": "Puerto Rico",
    "continent": "North America"
  },
  {
    "country_id": "ctr135",
    "country_name": "Saint Kitts and Nevis",
    "continent": "North America"
  },
  {
    "country_id": "ctr136",
    "country_name": "Saint Lucia",
    "continent": "North America"
  },
  {
    "country_id": "ctr137",
    "country_name": "Saint Vincent and the Grenadines",
    "continent": "North America"
  },
  {
    "country_id": "ctr138",
    "country_name": "The Bahamas",
    "continent": "North America"
  },
  {
    "country_id": "ctr139",
    "country_name": "Trinidad and Tobago",
    "continent": "North America"
  },
  {
    "country_id": "ctr140",
    "country_name": "United States of America",
    "continent": "North America"
  },
  {
    "country_id": "ctr141",
    "country_name": "Argentina",
    "continent": "South America"
  },
  {
    "country_id": "ctr142",
    "country_name": "Bolivia",
    "continent": "South America"
  },
  {
    "country_id": "ctr143",
    "country_name": "Brazil",
    "continent": "South America"
  },
  {
    "country_id": "ctr144",
    "country_name": "Chile",
    "continent": "South America"
  },
  {
    "country_id": "ctr145",
    "country_name": "Colombia",
    "continent": "South America"
  },
  {
    "country_id": "ctr146",
    "country_name": "Ecuador",
    "continent": "South America"
  },
  {
    "country_id": "ctr147",
    "country_name": "Guyana",
    "continent": "South America"
  },
  {
    "country_id": "ctr148",
    "country_name": "Paraguay",
    "continent": "South America"
  },
  {
    "country_id": "ctr149",
    "country_name": "Peru",
    "continent": "South America"
  },
  {
    "country_id": "ctr150",
    "country_name": "Suriname",
    "continent": "South America"
  },
  {
    "country_id": "ctr151",
    "country_name": "Uruguay",
    "continent": "South America"
  },
  {
    "country_id": "ctr152",
    "country_name": "Venezuela",
    "continent": "South America"
  }
]